ID,Name,City,State,Address,Postal Code,Website URL,Email,Phone,Summary,Organization Type,Reach,Audience Focus,Climate Categories,Original Climate Categories,Action Category,Original Action Category,Verified,Source,Last Updated
a7b6ace2-8e3e-4d7a-9cf8-060b4b6a9931,Amesbury Climate Committee,amesbury,ma,"Amesbury City Hall, 62 Friend St",01913,https://www.amesburyma.gov/climate-committee,unknown,unknown,The Amesbury Climate Committee focuses on climate action and sustainability initiatives in the city.,Municipal / Government-affiliated,Town / City,"['Residents', 'Municipality']",['Environmental'],[],Community Engagement,,Not Verified,merge_engine,2026-05-01T17:46:17Z
84d2c5f6-d162-4f67-b998-21f8d31e5b08,Amesbury Climate Action,amesbury,ma,"Amesbury, MA",01913,http://amesburyclimateaction.org,unknown,unknown,Amesbury Climate Action is dedicated to reducing greenhouse gas emissions and promoting sustainability in Amesbury.,Nonprofit / Grassroots,Town / City,['Residents'],['Environmental'],[],Community Engagement,,Not Verified,merge_engine,2026-05-01T17:46:17Z
d796b115-d05b-461a-8468-0cb1ade0423e,Andover Climate Committee,andover,ma,36 Bartlet St,01810,https://andoverma.gov/,unknown,978-623-8200,The Andover Climate Committee focuses on climate action and sustainability initiatives in the community.,Municipal / Government-affiliated,Town / City,"['Municipality', 'Residents']",['Environmental'],[],Community Engagement,,Not Verified,merge_engine,2026-05-01T17:46:17Z
6869d071-6e84-42bc-9618-657fa4df0569,Sustainable Andover,andover,ma,"Andover, MA",01810,https://www.sustainableandover.org/,unknown,unknown,Sustainable Andover promotes initiatives for reducing carbon emissions and enhancing sustainability in the community.,Nonprofit / Grassroots,Town / City,"['Residents', 'unknown']","['Energy Efficiency', 'Environmental']",[],Community Engagement,,Not Verified,merge_engine,2026-05-01T17:46:17Z
e6527c5e-58f1-408c-939f-5fbec7bf9733,Beverly Climate Action Network,beverly,ma,"Beverly, MA",01915,http://www.beverlyclimateaction.org,unknown,unknown,Beverly Climate Action Network focuses on local climate initiatives and community engagement for climate resilience.,Nonprofit / Grassroots,Town / City,['Residents'],['Environmental'],[],Community Engagement,,Not Verified,merge_engine,2026-05-01T17:46:17Z
431c31aa-3dd8-4d8f-a4d0-afa65456b87b,Beverly High School Environmental Club,beverly,ma,"Beverly High School, 100 Sohier Rd, Beverly, MA",01915,http://www.beverlyschools.org/environmentalclub,unknown,unknown,The club engages students in climate education and action projects focused on sustainability and emissions reduction.,Nonprofit / Grassroots,Town / City,['Residents'],"['Environmental', 'Energy Efficiency']",[],Community Engagement,,Not Verified,merge_engine,2026-05-01T17:46:17Z
bb71750c-e6d6-4e5b-9c96-3d1904368ef1,Beverly Municipal Sustainability Committee,beverly,ma,191 Cabot Street,01915,http://www.beverlyma.gov/sustainability,unknown,978-921-6000,The Beverly Municipal Sustainability Committee is committed to a sustainable future for Beverly by significantly reducing carbon pollution and enhancing the community's resilience to climate change through environmentally conscious municipal operations and collaborative community programs.,Municipal / Government-affiliated,Town / City,"['Businesses', 'Municipality', 'Residents']","['Energy Efficiency', 'Environmental', 'Transportation', 'Waste Reduction']",[],Community Engagement,,Not Verified,merge_engine,2026-05-01T17:46:17Z
530703e7-0904-42fa-93d1-f044b6e743f2,Beverly Youth Climate Coalition,beverly,ma,"Beverly, MA",01915,http://www.beverlyyouthclimate.org,unknown,unknown,The Beverly Youth Climate Coalition engages young people in climate advocacy and education initiatives.,Nonprofit / Grassroots,Town / City,['Residents'],['Environmental'],[],Community Engagement,,Not Verified,merge_engine,2026-05-01T17:46:17Z
9f622336-cd6d-48b3-b7ff-a05be2d59c2e,Green Beverly,beverly,ma,100 Cummings Center,01915,http://www.greenbeverly.org,info@greenbeverly.org,unknown,"Green Beverly is a non-profit working to lower the carbon footprint of Beverly residents and businesses by providing services, running community programs, and facilitating knowledge sharing.",Nonprofit / Grassroots,Town / City,"['Residents', 'Businesses']","['Energy Efficiency', 'Transportation', 'Environmental', 'Food & Food Waste', 'Waste Reduction', 'Green Economics']","['Energy Efficiency', 'Transportation', 'Environmental', 'Food & Food Waste', 'Waste Reduction', 'Green Economics']",Community Engagement,"Energy Efficiency, Transportation, Environmental, Food & Food Waste, Waste Reduction, Green Economics",Verified,merge_engine,2026-05-01T17:46:17Z
380e366c-cca9-4e4b-9225-340b1f1463dd,North Shore Climate Coalition,beverly,ma,"Beverly, MA",01915,http://www.northshoreclimatecoalition.org,unknown,unknown,The North Shore Climate Coalition works on regional climate action plans and advocacy for emissions reduction.,Nonprofit / Grassroots,Regional,['Residents'],['Environmental'],[],Community Engagement,,Not Verified,merge_engine,2026-05-01T17:46:17Z
1ac11d93-0efe-4a47-9963-346d3a549b48,North Shore Climate Collaborative,beverly,ma,"Beverly, MA",01915,http://www.northshoreclimatecollaborative.org,unknown,unknown,The North Shore Climate Collaborative works with local municipalities to implement climate action plans and promote sustainability.,Nonprofit / Grassroots,Regional,"['Residents', 'Municipality']",['Environmental'],[],Community Engagement,,Not Verified,merge_engine,2026-05-01T17:46:17Z
b6f5bd53-d081-4c7f-9e12-4f78c6136904,Massachusetts Clean Energy Center,boston,ma,"294 Washington St., 11th",02108,https://www.masscec.com/,,617-315-9300,"The Massachusetts Clean Energy Center promotes clean energy technologies and supports the transition to renewable energy sources, aiming to make Massachusetts a global hub for the climatetech industry.",Nonprofit / Grassroots,State / National,"['Residents', 'Municipality', 'Businesses']","['Energy Efficiency', 'Transportation', 'Environmental']",[],Community Engagement,,Not Verified,merge_engine,2026-05-01T17:46:17Z
10eb9cad-2244-4d7d-980c-86ad77fdc771,Massachusetts Climate Change Adaptation Coalition,boston,ma,"100 Cambridge St, Boston, MA",02108,https://www.massclimate.org,unknown,unknown,The coalition focuses on climate adaptation strategies for municipalities across Massachusetts.,Nonprofit / Grassroots,State / National,['Municipality'],['Environmental'],[],Community Engagement,,Not Verified,merge_engine,2026-05-01T17:46:17Z
c5b6ad13-74f6-491e-9247-3af32985c687,Massachusetts Department of Energy Resources,boston,ma,"Boston, MA",02108,https://www.mass.gov/orgs/department-of-energy-resources,unknown,unknown,"The Massachusetts Department of Energy Resources implements policies for energy efficiency and renewable energy, contributing to climate action.",Municipal / Government-affiliated,State / National,"['Residents', 'Municipality', 'Businesses']",['Energy Efficiency'],[],Policy,,Not Verified,merge_engine,2026-05-01T17:46:17Z
1a58359e-8a1e-4663-a0da-3361768e5259,The Alliance for a Healthy Tomorrow,boston,ma,40 Court Street 6th,02124,https://www.healthytomorrow.org,lspark@cleanwater.org,617-338-8131,The Alliance for a Healthy Tomorrow is a coalition focused on preventing toxic hazards and advocating for policies that protect health and the environment.,Nonprofit / Grassroots,State / National,"['Residents', 'Municipality', 'Businesses']",['Environmental'],[],Policy,,Not Verified,merge_engine,2026-05-01T17:46:17Z
63f79b0a-35cf-4f81-a41a-c3087ef173e6,The Massachusetts Clean Energy Center,boston,ma,"294 Washington St., 11th",02108,https://www.masscec.com,unknown,617-315-9300,"The Massachusetts Clean Energy Center (MassCEC) supports the transition to clean energy through various programs and initiatives, focusing on climate solution innovation to meet Massachusetts emission reduction goals while growing the state’s clean energy economy.",Municipality,State / National,"['Businesses', 'Municipality', 'Residents']","['Energy Efficiency', 'Environmental', 'Green Economics', 'Transportation']",[],Community Engagement,,Not Verified,merge_engine,2026-05-01T17:46:17Z
3c5578cb-aea8-49d4-a72d-cdb00ba97d58,Boxford Climate Action,boxford,ma,"Boxford Town Hall, 7A Spofford Rd",01921,http://www.boxfordma.gov/climate-action,unknown,unknown,Boxford Climate Action is dedicated to reducing greenhouse gas emissions and promoting sustainability in the community.,Municipal / Government-affiliated,Town / City,['Residents'],['Environmental'],[],Community Engagement,,Not Verified,merge_engine,2026-05-01T17:46:17Z
72e931ca-85e2-4837-bd92-ad50e5969ae7,Boxford Climate Action Committee,boxford,ma,7A Spofford Road,01921,https://www.boxfordma.gov/climate-action-committee,unknown,unknown,The Boxford Climate Action Committee focuses on local climate initiatives and sustainability efforts.,Municipal / Government-affiliated,Town / City,"['Residents', 'Municipality']",['Unknown'],[],Community Engagement,,Not Verified,merge_engine,2026-05-01T17:46:17Z
38eac992-5a20-453e-ba76-6f208cf49d47,Bradford Climate Action Committee,bradford,ma,1 Parker Road,01835,http://www.bradfordma.gov/climate-action,unknown,unknown,The Bradford Climate Action Committee focuses on local climate initiatives and resilience planning.,Municipal / Government-affiliated,Town / City,"['Residents', 'Municipality']",['Unknown'],[],Community Engagement,,Not Verified,merge_engine,2026-05-01T17:46:17Z
0a87f702-d2d7-4362-abb6-9b989f18fa2f,Green Energy Consumers Alliance,cambridge,ma,955 Massachusetts Ave,02139,https://www.greenenergyconsumers.org/,hello@greenenergyconsumers.org,617-397-5199,"Green Energy Consumers Alliance is a nonprofit organization that empowers consumers and communities to speed a just transition to a zero-carbon world through education, programming, and advocacy.",Nonprofit / Grassroots,State / National,"['Businesses', 'Municipality', 'Residents']","['Energy Efficiency', 'Green Economics', 'Transportation']",[],Community Engagement,,Not Verified,merge_engine,2026-05-01T17:46:17Z
d4cb311c-3c26-4857-94e0-ac9f04e8d20f,Massachusetts Climate Action Network,cambridge,ma,"123 Main St, Cambridge, MA 02138",02138,https://www.massclimateaction.org,unknown,unknown,Massachusetts Climate Action Network works on climate policy and advocacy to reduce emissions and promote sustainability.,Nonprofit / Grassroots,State / National,"['Residents', 'Municipality', 'Businesses']",['Environmental'],[],Policy,,Not Verified,merge_engine,2026-05-01T17:46:17Z
14db0544-8a7e-4146-9589-196e1c6d9d69,Sustainable Business Network of Massachusetts,cambridge,ma,99 Bishop Allen Drive,02139,https://www.sbnmass.org,info@sbnmass.org,unknown,"The Sustainable Business Network of Massachusetts (SBN) is a nonprofit organization focused on building a local economy that is green and fair. SBN promotes sustainable business practices, supports local entrepreneurs, and educates about the benefits of purchasing from locally owned and independent businesses.",Nonprofit / Grassroots,State / National,"['Businesses', 'Residents']","['Energy Efficiency', 'Food & Food Waste', 'Green Economics']",[],Community Engagement,,Not Verified,merge_engine,2026-05-01T17:46:17Z
dffedcbf-cb70-49fc-acf2-9e1a0712a2e8,Cape Cod Climate Change Collaborative,centerville,ma,5 Patti Page Way,02632,https://www.capecodclimate.org/,info@capecodclimate.org,unknown,The Cape Cod Climate Change Collaborative is a non-profit organization focused on reducing the Cape & Islands region's contributions to climate change and protecting the region from its impacts.,Nonprofit / Grassroots,Regional,"['Residents', 'Municipality', 'Businesses']","['Environmental', 'Energy Efficiency', 'Transportation']",[],Community Engagement,,Not Verified,merge_engine,2026-05-01T17:46:17Z
4d36841c-f601-4ee4-a2aa-7b91f11c1521,Clifton Climate Action Coalition,clifton,ma,"123 Main St, Clifton, MA",01510,http://cliftonclimateaction.org,unknown,unknown,Focus on local climate action initiatives and community engagement for sustainability.,Nonprofit / Grassroots,Town / City,['Residents'],['Unknown'],[],Community Engagement,,Not Verified,merge_engine,2026-05-01T17:46:17Z
77daa6a6-ae20-4beb-8f3e-ea25ea458a32,Boston Climate Action Network,cliftondale,ma,City Hall,02108,https://www.boston.gov/departments/environment/climate-action,unknown,unknown,Boston Climate Action Network aims to reduce greenhouse gas emissions and prepare for climate impacts.,Municipal / Government-affiliated,Town / City,"['Residents', 'Municipality']","['Energy Efficiency', 'Environmental']",[],Community Engagement,,Not Verified,merge_engine,2026-05-01T17:46:17Z
ed841926-ee43-4084-8283-05ac34b28413,Climate Action Now,cliftondale,ma,PO Box 101,01002,https://climateactionnowma.org/,unknown,unknown,Climate Action Now is a grassroots organization advocating for climate action and sustainability initiatives in Massachusetts.,Nonprofit / Grassroots,State / National,['Residents'],['Environmental'],[],Policy,,Not Verified,merge_engine,2026-05-01T17:46:17Z
2b1d4819-4615-4258-8aca-183eb9d7d2f9,Resilient MA,cliftondale,ma,100 Cambridge St,02108,https://www.resilientma.org/,unknown,unknown,Resilient MA focuses on building resilience to climate change impacts across Massachusetts.,Nonprofit / Grassroots,State / National,"['Residents', 'Municipality']",['Environmental'],[],Community Engagement,,Not Verified,merge_engine,2026-05-01T17:46:17Z
6b980580-07c4-4125-8e3c-51143c51eb64,The Alliance for Climate Education,cliftondale,ma,1 Broadway,02140,https://www.acespace.org/,unknown,unknown,The Alliance for Climate Education educates and empowers young people to take action on climate change.,Nonprofit / Grassroots,State / National,['Residents'],['Environmental'],[],Community Engagement,,Not Verified,merge_engine,2026-05-01T17:46:17Z
d0568476-6291-4b7e-b6d0-a3a0f933979c,Massachusetts Department of Environmental Protection,curzon mill,ma,1 Winter St,02110,https://www.mass.gov/orgs/massachusetts-department-of-environmental-protection,unknown,unknown,The Massachusetts Department of Environmental Protection implements climate adaptation strategies and policies.,Municipal / Government-affiliated,State / National,"['Businesses', 'Municipality', 'Residents']",['Environmental'],[],Policy,,Not Verified,merge_engine,2026-05-01T17:46:17Z
2272c2c6-f9d0-463f-8587-63244664d58a,Sustainable Northampton,curzon mill,ma,100 Main St,01060,https://www.sustainablenorthampton.org,unknown,unknown,Sustainable Northampton works on local sustainability initiatives that include climate action and resilience planning.,Nonprofit / Grassroots,Town / City,['Residents'],['Environmental'],[],Community Engagement,,Not Verified,merge_engine,2026-05-01T17:46:17Z
00735e28-531f-4916-be1f-37c368d0d21b,Western Massachusetts Network to End Homelessness,curzon mill,ma,123 Main St,01103,https://www.wmneh.org,unknown,unknown,The Western Massachusetts Network to End Homelessness addresses environmental justice issues related to housing and climate impacts.,Nonprofit / Grassroots,Regional,['Residents'],['Unknown'],[],Community Engagement,,Not Verified,merge_engine,2026-05-01T17:46:17Z
5b440a82-ba14-49a1-b1f3-1864c1a7b34a,Cushing Climate Action Committee,cushing,ma,"Cushing Town Hall, 673 Main St",02066,http://www.cushingma.gov/climate-action-committee,unknown,unknown,Cushing Climate Action Committee focuses on local climate initiatives and sustainability efforts.,Municipal / Government-affiliated,Town / City,"['Residents', 'Municipality']",['Environmental'],[],Community Engagement,,Not Verified,merge_engine,2026-05-01T17:46:17Z
be44397f-29a7-41eb-81c6-f6deb6493cff,Danvers Climate Action Committee,danvers,ma,"Danvers Town Hall, 1 Sylvan St",01923,https://www.danversma.gov/climate-action-committee,unknown,unknown,The Danvers Climate Action Committee works on initiatives to reduce greenhouse gas emissions and promote sustainability in the community.,Municipal / Government-affiliated,Town / City,"['Residents', 'Municipality']",['Environmental'],[],Community Engagement,,Not Verified,merge_engine,2026-05-01T17:46:17Z
9b4468c4-9c7e-4c26-a41c-b4c4f01783cf,Danvers Climate Action,danversport,ma,"Danvers Town Hall, 1 Sylvan St",01923,https://www.danversma.gov/climate-action,unknown,unknown,The Danvers Climate Action Committee focuses on reducing greenhouse gas emissions and promoting sustainability initiatives in the community.,Municipal / Government-affiliated,Town / City,"['Residents', 'Municipality']","['Green Economics', 'Energy Efficiency']",[],Community Engagement,,Not Verified,merge_engine,2026-05-01T17:46:17Z
4d88fb07-0ba7-43a8-bf17-ac29b5cdb221,Clean Energy Doles Corner,doles corner,ma,unknown,,https://www.cleanenergydolescorner.org,unknown,unknown,Clean Energy Doles Corner advocates for renewable energy solutions and energy efficiency programs to reduce local carbon emissions.,Nonprofit / Grassroots,Town / City,['Residents'],['Energy Efficiency'],[],Policy,,Not Verified,merge_engine,2026-05-01T17:46:17Z
dee6b1f1-01a7-45f6-b580-ca879f19e3d3,Doles Corner Climate Education Center,doles corner,ma,unknown,,https://www.dolescornerclimateed.org,unknown,unknown,The Doles Corner Climate Education Center provides educational resources and programs focused on climate change and sustainability practices.,Nonprofit / Grassroots,Town / City,['Residents'],['Environmental'],[],Community Engagement,,Not Verified,merge_engine,2026-05-01T17:46:17Z
0c27bcf0-14b6-4e6a-9b33-ce68641678ad,Doles Corner Energy Initiative,doles corner,ma,unknown,,https://www.dolescornerenergy.org,unknown,unknown,The Doles Corner Energy Initiative promotes electrification and energy transition programs to reduce carbon emissions in the community.,Nonprofit / Grassroots,Town / City,['Residents'],['Energy Efficiency'],[],Community Engagement,,Not Verified,merge_engine,2026-05-01T17:46:17Z
7536d139-88d8-45ab-ab13-d3a2d33c790f,Doles Corner Environmental Justice Group,doles corner,ma,unknown,,https://www.dolescornerejgroup.org,unknown,unknown,The Doles Corner Environmental Justice Group addresses climate justice issues and promotes equitable climate solutions for marginalized communities.,Nonprofit / Grassroots,Town / City,['Residents'],['Environmental'],[],Community Engagement,,Not Verified,merge_engine,2026-05-01T17:46:17Z
470be686-d61b-4f83-9d40-a37c788f61bb,Doles Corner Resilience Coalition,doles corner,ma,unknown,,https://www.dolescornerresilience.org,unknown,unknown,The Doles Corner Resilience Coalition focuses on climate adaptation strategies to prepare the community for climate-related challenges.,Nonprofit / Grassroots,Town / City,['Residents'],['Environmental'],[],Community Engagement,,Not Verified,merge_engine,2026-05-01T17:46:17Z
01d560ff-f9b7-4823-90fe-a7c59011b356,Local Climate Action Committee,doles corner,ma,unknown,,https://www.localclimateaction.org,unknown,unknown,The Local Climate Action Committee works on municipal climate planning and implementation to enhance community resilience against climate impacts.,Nonprofit / Grassroots,Town / City,"['Residents', 'Municipality']",['Environmental'],[],Community Engagement,,Not Verified,merge_engine,2026-05-01T17:46:17Z
9a7770c7-1813-4af9-acdb-1252a240032b,Cape Ann Climate Coalition,east gloucester,ma,456 Ocean Ave,,https://www.capeannclimate.org,unknown,unknown,Working on local climate action plans and community resilience initiatives.,Nonprofit / Grassroots,"Town / City, State / National",['Residents'],"['Energy Efficiency', 'Transportation', 'Environmental', 'Waste Reduction']","['Energy Efficiency', 'Transportation', 'Environmental', 'Waste Reduction']",Community Engagement,"Energy Efficiency, Transportation, Environmental, Waste Reduction",Verified,merge_engine,2026-05-01T17:46:17Z
18a022f5-2b8f-4f6f-8fb7-a4bc85282a84,Gloucester Resilience Committee,east gloucester,ma,654 Shore Dr,01930,https://www.gloucesterresilience.org,unknown,unknown,Develops strategies for climate adaptation and community resilience.,Nonprofit / Grassroots,Town / City,['Residents'],['Environmental'],[],Community Engagement,,Not Verified,merge_engine,2026-05-01T17:46:17Z
14ee521e-6441-4a2a-bf63-e8c8ee601d87,Green Lynn,east lynn,ma,"Lynn, MA",01902,http://greenlynn.org,unknown,unknown,Green Lynn is focused on climate action and sustainability initiatives in the Lynn area.,Nonprofit / Grassroots,unknown,['unknown'],['Unknown'],[],Unknown,,Not Verified,merge_engine,2026-05-01T17:46:17Z
ed18b8e3-0aed-4faf-9cac-aa0340f59c40,East Parish Climate Action Group,east parish,ma,123 Climate St,01001,http://www.eastparishclimateaction.org,unknown,unknown,Focus on local climate action initiatives and community engagement for emissions reduction.,Nonprofit / Grassroots,Town / City,['Residents'],['Environmental'],[],Community Engagement,,Not Verified,merge_engine,2026-05-01T17:46:17Z
d9d639d2-2c7b-4c01-8b78-62d446ea6be7,Essex Climate Action,essex,ma,1 Main St,01929,http://www.essexclimateaction.org,unknown,unknown,Essex Climate Action focuses on local climate initiatives and community engagement for sustainability.,Nonprofit / Grassroots,Town / City,['Residents'],['Unknown'],[],Community Engagement,,Not Verified,merge_engine,2026-05-01T17:46:17Z
2a8268f2-af27-4828-b6f3-21276c07cb9e,Essex County Greenbelt Association,essex,ma,82 Eastern Avenue,01929,https://www.ecga.org/,info@ecga.org,978-768-7241,"The Essex County Greenbelt Association conserves farmland, wildlife habitat, and scenic landscapes throughout Essex County, Massachusetts, ensuring free access to nature for all.",Nonprofit / Grassroots,Regional,['Residents'],"['Environmental', 'Food & Food Waste']",[],Conservation,,Not Verified,merge_engine,2026-05-01T17:46:17Z
2b2e856a-c3b1-4769-b232-ae281fc74c54,Georgetown Climate Action Committee,georgetown,ma,1 Library Street,01833,http://www.georgetownma.gov/climate-action-committee,unknown,unknown,The Georgetown Climate Action Committee works on initiatives to reduce greenhouse gas emissions and promote sustainability in the community.,Municipal / Government-affiliated,Town / City,"['Residents', 'Municipality']","['Environmental', 'Energy Efficiency']",[],Community Engagement,,Not Verified,merge_engine,2026-05-01T17:46:17Z
7cf6b948-72e5-408e-82bb-f0405599bffb,Glen Mills Climate Action Network,glen mills,ma,123 Main St,02038,http://glenmillscanon.org,unknown,unknown,Focus on local climate action initiatives and community engagement for sustainability.,Nonprofit / Grassroots,Town / City,['Residents'],['Unknown'],[],Community Engagement,,Not Verified,merge_engine,2026-05-01T17:46:17Z
b88e2cf7-8eac-47ff-b5b7-517e6870e32e,City of Gloucester Climate Action Plan,gloucester,ma,"City Hall, 9 Dale Ave",01930,https://gloucester-ma.gov/ClimateActionPlan,unknown,unknown,The city has developed a Climate Action Plan focusing on emissions reduction and resilience.,Municipal / Government-affiliated,Town / City,"['Residents', 'Municipality']",['Unknown'],[],Unknown,,Not Verified,merge_engine,2026-05-01T17:46:17Z
c6832913-ff25-4741-bc0e-7af99d1991a8,Green Gloucester,gloucester,ma,unknown,01930,http://www.greengloucester.org,unknown,unknown,Green Gloucester focuses on local climate action initiatives and sustainability programs.,Nonprofit / Grassroots,Town / City,['Residents'],"['Environmental', 'Waste Reduction']",[],Community Engagement,,Not Verified,merge_engine,2026-05-01T17:46:17Z
1af191a4-4ccc-4d7e-81ff-7ca2ea89aa05,North Shore Community College - Sustainability Programs,gloucester,ma,One Ferncroft Road,01930,https://www.northshore.edu/sustainability/,unknown,unknown,North Shore Community College offers programs focused on sustainability and climate education.,Academic,Regional,"['Residents', 'Municipality', 'Businesses']",['Environmental'],[],Community Engagement,,Not Verified,merge_engine,2026-05-01T17:46:17Z
1783fbdd-fcf5-475b-a73d-1e78553ab498,Sustainable Cape Ann,gloucester,ma,unknown,01930,https://www.sustainablecapeann.org/,unknown,unknown,"Sustainable Cape Ann focuses on local sustainability initiatives, including climate action and community resilience.",Nonprofit / Grassroots,Town / City,['Residents'],['Environmental'],[],Community Engagement,,Not Verified,merge_engine,2026-05-01T17:46:17Z
2e8c55bc-108c-4346-b182-793bbc878cf0,The Resilient MA Initiative,graceland park,ma,"1 Ashburton Pl, Boston, MA",02108,https://www.resilientma.org,unknown,unknown,The initiative focuses on building resilience to climate change impacts across Massachusetts.,Nonprofit / Grassroots,State / National,"['Residents', 'Municipality']",['Environmental'],[],Community Engagement,,Not Verified,merge_engine,2026-05-01T17:46:17Z
ac387504-25c9-4483-8ada-b0d53f57550f,Youth Climate Action Network,graceland park,ma,"456 Main St, Springfield, MA",01103,https://www.youthclimateaction.org,unknown,unknown,The network empowers youth to engage in climate action and advocacy.,Nonprofit / Grassroots,State / National,['Residents'],['Environmental'],[],Community Engagement,,Not Verified,merge_engine,2026-05-01T17:46:17Z
6ff1d3a6-1eaa-4a0c-acfb-67927fd74d54,Groveland Climate Committee,groveland,ma,"Groveland Town Hall, 183 Main St",01834,http://www.grovelandma.gov/climate-committee,unknown,unknown,The Groveland Climate Committee focuses on local climate action initiatives and sustainability practices.,Municipal / Government-affiliated,Town / City,['Residents'],['Unknown'],[],Community Engagement,,Not Verified,merge_engine,2026-05-01T17:46:17Z
a1f81f0a-3d3d-4a41-a3a7-6ef6186b7bd0,Hamilton Climate Action Committee,hamilton,ma,577 Bay Road,01936,https://www.hamiltonma.gov/climate-action-committee,unknown,unknown,The Hamilton Climate Action Committee focuses on local climate initiatives and sustainability efforts.,Municipal / Government-affiliated,Town / City,"['Residents', 'Municipality']",['Environmental'],[],Community Engagement,,Not Verified,merge_engine,2026-05-01T17:46:17Z
a3b96620-f85d-4978-a7ac-c8db0fca213c,Green Haverhill,haverhill,ma,"Haverhill, MA",01830,http://www.greenhaverhill.org,unknown,unknown,Green Haverhill works on projects that promote sustainability and climate action in the community.,Nonprofit / Grassroots,Town / City,['Residents'],['Environmental'],[],Community Engagement,,Not Verified,merge_engine,2026-05-01T17:46:17Z
41743b48-fc46-4dc7-a2b9-a7e0807f0bd6,Haverhill Climate Committee,haverhill,ma,"Haverhill, MA",01830,http://www.haverhill-ma.gov/climatecommittee,unknown,unknown,The Haverhill Climate Committee focuses on local climate action initiatives and sustainability efforts.,Municipal / Government-affiliated,Town / City,"['Residents', 'Municipality']",['Unknown'],[],Community Engagement,,Not Verified,merge_engine,2026-05-01T17:46:17Z
cdf6898c-2e56-42b3-98a8-d9ebe45a3286,Haverhill Public Schools - Green Team,haverhill,ma,4 Summer Street,01830,http://www.haverhill-ps.org,,(978) 374-3400,The Green Team promotes climate education and sustainability practices within the school system.,Nonprofit / Grassroots,Town / City,['Residents'],['Environmental'],[],Community Engagement,,Not Verified,merge_engine,2026-05-01T17:46:17Z
e1366f76-ee62-4b02-b80f-eeefda019cdd,Merrimack Valley Planning Commission,haverhill,ma,"Haverhill, MA",01830,http://www.mvpc.org,unknown,unknown,"The Merrimack Valley Planning Commission fosters cooperative efforts among communities to resolve regional problems, promote coordinated development, and enhance the general welfare of residents.",Nonprofit / Grassroots,Regional,"['Residents', 'Municipality', 'Businesses']","['Environmental', 'Transportation']",[],Community Engagement,,Not Verified,merge_engine,2026-05-01T17:46:17Z
1b92e9f4-baeb-4b7a-8cab-0e326c022241,Worcester Environmental Council,howe,ma,"Worcester, MA",01608,https://www.worcesterenvironmentalcouncil.org/,unknown,unknown,The Worcester Environmental Council works on climate resilience and sustainability initiatives in the city.,Nonprofit / Grassroots,Town / City,['Residents'],['Environmental'],[],Community Engagement,,Not Verified,merge_engine,2026-05-01T17:46:17Z
d6af5850-ab01-4817-8749-d1e9d25eeb0a,Worcester Youth Climate Coalition,howe,ma,"Worcester, MA",01610,https://www.worcesterycc.org/,unknown,unknown,The coalition focuses on youth-led climate action and education programs.,Nonprofit / Grassroots,Town / City,['Residents'],['Environmental'],[],Community Engagement,,Not Verified,merge_engine,2026-05-01T17:46:17Z
fea4bc9c-cce3-4198-83ba-29643a5ccc21,Green Ipswich,ipswich,ma,unknown,01938,http://www.greenipswich.org,unknown,unknown,Green Ipswich is focused on promoting sustainable practices and climate action in the community.,Nonprofit / Grassroots,Town / City,['Residents'],['Environmental'],[],Community Engagement,,Not Verified,merge_engine,2026-05-01T17:46:17Z
39a72015-2b23-4c06-87a8-610f2bd66b8b,Ipswich Climate Action Committee,ipswich,ma,25 Green Street,01938,http://www.ipswichma.gov/,unknown,978-356-6600,The Ipswich Climate Action Committee works on local climate initiatives and sustainability efforts.,Municipal / Government-affiliated,Town / City,"['Residents', 'Municipality']",['Environmental'],[],Community Engagement,,Not Verified,merge_engine,2026-05-01T17:46:17Z
25d9fc0b-2385-422a-b20d-44bceb4701eb,Sustainable Ipswich,ipswich,ma,unknown,01938,http://www.sustainableipswich.org,unknown,unknown,Sustainable Ipswich promotes initiatives aimed at reducing carbon emissions and enhancing community resilience.,Nonprofit / Grassroots,Town / City,['Residents'],['Environmental'],[],Community Engagement,,Not Verified,merge_engine,2026-05-01T17:46:17Z
69a5f7de-b1c1-4dce-80d4-0f903ea55a0d,Clean Water Action Massachusetts,kings forest,ma,unknown,,https://www.cleanwateraction.org/state/massachusetts,unknown,unknown,Clean Water Action Massachusetts works on climate-related water issues and advocates for policies that address climate change.,Nonprofit / Grassroots,State / National,['Residents'],['Environmental'],[],Policy,,Not Verified,merge_engine,2026-05-01T17:46:17Z
6a928a0e-6808-4f18-9277-ee8231334f68,Massachusetts Climate Coalition,kings forest,ma,456 Coalition Ave,01039,https://www.massclimatecoalition.org/,unknown,unknown,The Massachusetts Climate Coalition works on climate policy and advocacy to address climate change.,Nonprofit / Grassroots,State / National,"['Residents', 'Municipality', 'Businesses']",['Environmental'],[],Policy,,Not Verified,merge_engine,2026-05-01T17:46:17Z
757baca7-fe70-4a9a-b458-c281e45b8f48,Knights Crossing Clean Energy Coalition,knights crossing,ma,202 Clean Energy Blvd,01060,http://www.kccleancoalition.org,unknown,unknown,The Coalition focuses on promoting clean energy solutions and reducing carbon emissions in the community.,Nonprofit / Grassroots,Town / City,['Residents'],['Energy Efficiency'],[],Community Engagement,,Not Verified,merge_engine,2026-05-01T17:46:17Z
dd65aa1f-1a55-4b73-b19b-5f4fda5d9524,Knights Crossing Climate Education Center,knights crossing,ma,303 Education Ln,01060,http://www.kcclimateeducation.org,unknown,unknown,The Center provides educational resources and programs focused on climate change and sustainability.,Nonprofit / Grassroots,Town / City,['Residents'],['Environmental'],[],Community Engagement,,Not Verified,merge_engine,2026-05-01T17:46:17Z
18cff6e3-86fc-4183-9caf-4df36a13ac24,Knights Crossing Energy Initiative,knights crossing,ma,456 Energy Ave,01060,http://www.kcenergyinitiative.org,unknown,unknown,The Knights Crossing Energy Initiative promotes electrification and renewable energy solutions for local residents.,Nonprofit / Grassroots,Town / City,['Residents'],['Energy Efficiency'],[],Community Engagement,,Not Verified,merge_engine,2026-05-01T17:46:17Z
a0574a0d-ff3a-4960-af1f-8704d3c35a69,Knights Crossing Environmental Justice Alliance,knights crossing,ma,404 Justice St,01060,http://www.kcejalliance.org,unknown,unknown,The Alliance advocates for environmental justice with a focus on climate impacts in marginalized communities.,Nonprofit / Grassroots,unknown,['unknown'],['Unknown'],[],Unknown,,Not Verified,merge_engine,2026-05-01T17:46:17Z
7d3ca093-d53f-4627-889c-f730f22a7025,Knights Crossing Resilience Committee,knights crossing,ma,789 Resilience Rd,01060,http://www.kcresiliencecommittee.org,unknown,unknown,The Resilience Committee works on climate adaptation strategies for the community.,Nonprofit / Grassroots,Town / City,['Residents'],['Environmental'],[],Community Engagement,,Not Verified,merge_engine,2026-05-01T17:46:17Z
274b6a56-d563-4826-8d81-0f35fff735bd,Knights Crossing Urban Climate Adaptation Program,knights crossing,ma,505 Urban Way,01060,http://www.kcurbanadaptation.org,unknown,unknown,The Knights Crossing Urban Climate Adaptation Program focuses on urban planning and climate adaptation strategies for city infrastructure.,Nonprofit / Grassroots,Town / City,"['Residents', 'Municipality']",['Environmental'],[],Community Engagement,,Not Verified,merge_engine,2026-05-01T17:46:17Z
8fc93c1c-5fef-41f9-8fbc-c896c0abf4c2,Youth Climate Action Knights Crossing,knights crossing,ma,101 Youth Way,01060,http://www.youthclimateactionkc.org,unknown,unknown,This organization engages youth in climate education and advocacy efforts.,Nonprofit / Grassroots,Town / City,['Residents'],['Environmental'],[],Community Engagement,,Not Verified,merge_engine,2026-05-01T17:46:17Z
53ed08b1-396f-4438-b291-120a34634d23,Groundwork Lawrence,lawrence,ma,50 Island Street,01840,http://www.groundworklawrence.org/,unknown,(978) 974-0770,"Groundwork Lawrence is a nonprofit organization focused on environmental and open space improvements, fresh food access programs, youth and adult education and employment initiatives, and community programming and events. It aims to regenerate and manage the physical environment through community-based partnerships.",Nonprofit / Grassroots,Regional,['Residents'],"['Environmental', 'Food & Food Waste']",[],Community Engagement,,Not Verified,merge_engine,2026-05-01T17:46:17Z
93163927-4df8-4103-b366-757d420fcf86,Lawrence Climate Action,lawrence,ma,unknown,01840,https://www.lawrenceclimateaction.org/,unknown,unknown,Lawrence Climate Action focuses on local climate initiatives and community education about climate change.,Nonprofit / Grassroots,Town / City,['Residents'],['Environmental'],[],Community Engagement,,Not Verified,merge_engine,2026-05-01T17:46:17Z
9e36bb3c-6583-49bf-b4ec-3c0b7a9ccd81,Green Salem,linebrook,ma,"Salem, MA",01970,https://www.greensalem.org,unknown,unknown,Green Salem promotes sustainability practices and climate resilience in the community through various programs and initiatives.,Nonprofit / Grassroots,Town / City,['Residents'],['Environmental'],[],Community Engagement,,Not Verified,merge_engine,2026-05-01T17:46:17Z
7134bf39-b8f6-4605-b395-6b88369e298f,Green Nahant,little nahant,ma,"Nahant, MA",01908,http://www.greennahant.org,unknown,unknown,Green Nahant is focused on sustainability initiatives and climate action in the community.,Nonprofit / Grassroots,Town / City,['Residents'],['Environmental'],[],Community Engagement,,Not Verified,merge_engine,2026-05-01T17:46:17Z
3d3b2610-e8aa-4fb6-b411-f34c92ea7bb6,Clean Energy Massachusetts,lowell junction,ma,456 Energy Blvd,01852,http://www.cleanenergymass.org,unknown,unknown,Clean Energy Massachusetts promotes renewable energy and energy efficiency programs to reduce carbon footprints.,Nonprofit / Grassroots,State / National,"['Residents', 'Businesses']",['Energy Efficiency'],[],Community Engagement,,Not Verified,merge_engine,2026-05-01T17:46:17Z
27fdc3c1-2e48-4644-927b-4c5123490590,Lowell Climate Action,lowell junction,ma,50 Arcand Drive,01852,http://www.lowellclimateaction.org,unknown,unknown,Lowell Climate Action focuses on reducing carbon emissions and promoting sustainability initiatives in the city.,Nonprofit / Grassroots,Town / City,['Residents'],"['Environmental', 'Energy Efficiency']",[],Community Engagement,,Not Verified,merge_engine,2026-05-01T17:46:17Z
8a41ebdd-1609-48d1-bffe-8b3a59d54879,Lynn Community Health Center,lynn,ma,269 Union Street,01901,https://lynnchc.org/,unknown,unknown,"Lynn Community Health Center is a nonprofit, multicultural community health center providing comprehensive health care services to residents of Lynn, MA, regardless of their ability to pay. The center offers a range of services including primary care, behavioral health, dental, and eye care, and is committed to social justice and reducing barriers to care.",Nonprofit / Grassroots,Town / City,['Residents'],['Unknown'],[],Community Engagement,,Not Verified,merge_engine,2026-05-01T17:46:17Z
9e384898-2043-444e-b7b9-5d0e3c075d5f,Lynn Environmental Sustainability Committee,lynn,ma,"Lynn City Hall, 2 City Hall Square",01901,https://www.lynnma.gov/,unknown,unknown,The Lynn Environmental Sustainability Committee focuses on climate action and sustainability initiatives in the city.,Municipal / Government-affiliated,Town / City,"['Municipality', 'Residents']","['Energy Efficiency', 'Environmental', 'Waste Reduction']",[],Community Engagement,,Not Verified,merge_engine,2026-05-01T17:46:17Z
a1276b41-bc29-4049-ac0a-ac4764f228df,Lynn Public Schools - Sustainability Program,lynn,ma,100 Bennett Street,01901,https://www.lynnschools.org/,unknown,unknown,The Lynn Public Schools have implemented sustainability programs that include climate education for students.,Nonprofit / Grassroots,Town / City,['Residents'],['Environmental'],[],Community Engagement,,Not Verified,merge_engine,2026-05-01T17:46:17Z
5d7b92b9-6d55-44c5-897a-02474bc34514,North Shore Community Development Coalition,lynn,ma,30 Washington Street,01901,https://www.nscdc.org/,unknown,unknown,The coalition works on housing and community development with a focus on sustainability and climate resilience.,Nonprofit / Grassroots,Regional,['Residents'],['Energy Efficiency'],[],Community Engagement,,Not Verified,merge_engine,2026-05-01T17:46:17Z
46875e2c-3832-490a-9643-bd64867ce151,Lynnfield Climate Action Committee,lynnfield,ma,"Lynnfield Town Hall, 55 Summer St",01940,https://www.lynnfield.ma.us/climate-action-committee,unknown,unknown,The Lynnfield Climate Action Committee focuses on local climate initiatives and sustainability efforts.,Municipal / Government-affiliated,Town / City,"['Residents', 'Municipality']",['Unknown'],[],Community Engagement,,Not Verified,merge_engine,2026-05-01T17:46:17Z
3f696084-0c12-4d36-bf2b-db0bd44beff6,Lynnfield Climate Action,lynnhurst,ma,"Lynnfield, MA",01940,http://lynnfieldclimateaction.org,unknown,unknown,Lynnfield Climate Action is focused on reducing carbon emissions and promoting sustainable practices in the community.,Nonprofit / Grassroots,unknown,['unknown'],['Unknown'],[],Unknown,,Not Verified,merge_engine,2026-05-01T17:46:17Z
69321648-5522-4abc-bb2e-150600869a17,Manchester-by-the-Sea Climate Action Committee,manchester-by-the-sea,ma,10 Central Street,01944,https://www.manchester.ma.us/,unknown,unknown,The Climate Action Committee focuses on reducing greenhouse gas emissions and promoting sustainability initiatives in the community.,Municipal / Government-affiliated,Town / City,['Residents'],['Environmental'],[],Community Engagement,,Not Verified,merge_engine,2026-05-01T17:46:17Z
5604e583-56f1-418c-8c57-cbe9ccac4aae,Marble Ridge Climate Action Group,marble ridge station,ma,123 Climate St,01234,http://www.marbleclimateaction.org,unknown,unknown,Focus on local climate action initiatives and community engagement for emissions reduction.,Nonprofit / Grassroots,Town / City,['Residents'],['Environmental'],[],Community Engagement,,Not Verified,merge_engine,2026-05-01T17:46:17Z
84e25dfe-da2c-4444-b039-84ddebdb80c3,Green Marblehead,marblehead,ma,"Marblehead, MA",01945,http://www.greenmarblehead.org,unknown,unknown,Green Marblehead is focused on promoting sustainability and climate action in the community.,Nonprofit / Grassroots,Town / City,['Residents'],['Environmental'],[],Community Engagement,,Not Verified,merge_engine,2026-05-01T17:46:17Z
29ecc9c9-2336-4b26-8123-6bdb2bef9726,Marblehead Climate Action Committee,marblehead,ma,"Marblehead, MA",01945,http://www.marblehead.org/climate-action-committee,unknown,unknown,The Marblehead Climate Action Committee focuses on local climate planning and implementation strategies.,Nonprofit / Grassroots,Town / City,"['Residents', 'Municipality']",['Unknown'],[],Community Engagement,,Not Verified,merge_engine,2026-05-01T17:46:17Z
2fb70a9c-ed57-42ed-8efc-fbd70fe63126,Marblehead Municipal Light Department,marblehead,ma,"80 Broad St, Marblehead, MA 01945",01945,http://www.marblehead.org/marblehead-municipal-light-department,unknown,unknown,The Marblehead Municipal Light Department is involved in energy efficiency programs and renewable energy initiatives.,Nonprofit / Grassroots,Town / City,"['Residents', 'Municipality']",['Energy Efficiency'],[],Conservation,,Not Verified,merge_engine,2026-05-01T17:46:17Z
d535ad8e-9324-4ec1-8b88-ff94b2a0eab2,Sustainable Marblehead,marblehead,ma,PO Box 1320,,https://www.sustainablemarblehead.org,sustainablemarblehead@gmail.com,unknown,Sustainable Marblehead is a community organization focused on educating and engaging the Marblehead community to reduce waste and pollution and achieve net zero carbon emissions by 2040.,Nonprofit / Grassroots,Town / City,['nan'],['nan'],['nan'],Community Engagement,,Not Verified,merge_engine,2026-05-01T17:46:17Z
cb78b6bd-6722-4548-a1c8-e95fa5024052,Marlborough Energy Task Force,marlboro,ma,"City Hall, 140 Main St",01752,https://www.marlborough-ma.gov/energy-task-force,unknown,unknown,The Marlborough Energy Task Force is focused on promoting energy efficiency and sustainability initiatives in the city.,Municipal / Government-affiliated,Town / City,"['Residents', 'Municipality']",['Energy Efficiency'],[],Community Engagement,,Not Verified,merge_engine,2026-05-01T17:46:17Z
1e9afbd2-1d3a-49fe-80b8-abb8cb99646b,Eversource,marsh corner,ma,unknown,01103,https://www.eversource.com/,unknown,unknown,"Eversource, formerly known as Western Massachusetts Electric Company, is involved in energy transition and electrification programs.",Business,Regional,"['Residents', 'Businesses']",['Unknown'],[],Unknown,,Not Verified,merge_engine,2026-05-01T17:46:17Z
405cf372-68d5-4bb9-89af-5fb0b0f90bbd,Massachusetts Institute of Technology (MIT) Energy Initiative,marsh corner,ma,77 Massachusetts Ave,02139,https://energy.mit.edu/,unknown,unknown,"The MIT Energy Initiative is MIT’s hub for energy research, education, and outreach, advancing zero- and low-carbon solutions to expand energy access and address climate change.",Academic,State / National,"['Residents', 'Municipality', 'Businesses']","['Energy Efficiency', 'Transportation', 'Environmental']",[],Community Engagement,,Not Verified,merge_engine,2026-05-01T17:46:17Z
75005e62-c6b2-4cd6-8c5d-041deaa762a0,The Massachusetts Executive Office of Energy and Environmental Affairs,marsh corner,ma,100 Cambridge St,02108,https://www.mass.gov/orgs/executive-office-of-energy-and-environmental-affairs,unknown,unknown,The Massachusetts Executive Office of Energy and Environmental Affairs oversees climate adaptation and energy transition initiatives across the state.,Municipal / Government-affiliated,State / National,"['Residents', 'Municipality', 'Businesses']","['Energy Efficiency', 'Environmental']",[],Policy,,Not Verified,merge_engine,2026-05-01T17:46:17Z
ef98291b-9d05-4e99-ac9f-f7e5fc16c62b,Marston Corners Climate Action Group,marston corners,ma,123 Climate St.,01234,http://www.marstoncornersclimateaction.org,unknown,unknown,Our mission is to reduce local carbon emissions and promote renewable energy initiatives.,Nonprofit / Grassroots,Town / City,['Residents'],['Energy Efficiency'],[],Community Engagement,,Not Verified,merge_engine,2026-05-01T17:46:17Z
dc8ae2e6-525a-4813-85b1-bac1157991de,Merrimac Climate Action,merrimac,ma,"123 Main St, Merrimac, MA 01860",01860,http://www.merrimacclimateaction.org,unknown,unknown,Merrimac Climate Action focuses on local initiatives for reducing carbon emissions and promoting renewable energy sources.,Nonprofit / Grassroots,Town / City,['Residents'],['Energy Efficiency'],[],Community Engagement,,Not Verified,merge_engine,2026-05-01T17:46:17Z
44f628fd-e227-4c08-b2fb-f10ee34331d7,Methuen Climate Action Committee,methuen,ma,"City Hall, 41 Pleasant St",01844,https://www.methuen-ma.gov/climate-action-committee,unknown,unknown,The Methuen Climate Action Committee focuses on local climate initiatives and sustainability efforts.,Municipal / Government-affiliated,Town / City,"['Residents', 'Municipality']",['Environmental'],[],Community Engagement,,Not Verified,merge_engine,2026-05-01T17:46:17Z
ac25057c-f234-48b3-906d-11f48d525a7a,Green Middleton,middleton,ma,"Middleton, MA",01949,http://www.greenmiddleton.org,unknown,unknown,Green Middleton focuses on sustainability initiatives and climate action in the community.,Nonprofit / Grassroots,Town / City,['Residents'],['Unknown'],[],Community Engagement,,Not Verified,merge_engine,2026-05-01T17:46:17Z
4f1b1516-6abb-4ea4-9319-ac2d7292981d,Mount Vernon Park Climate Action Group,mount vernon park,ma,123 Climate St,02155,http://www.mvclimateaction.org,unknown,unknown,The Mount Vernon Park Climate Action Group aims to reduce local carbon emissions and promote renewable energy solutions in Mount Vernon Park.,Nonprofit / Grassroots,Town / City,['Residents'],['Energy Efficiency'],[],Community Engagement,,Not Verified,merge_engine,2026-05-01T17:46:17Z
d066452a-0fae-46f9-8014-76314ddc736a,Green Needham,needham,ma,"Needham, MA",02492,http://www.greenneedham.org,info@greenneedham.org,unknown,Green Needham is a volunteer organization dedicated to securing a better future through local action. They work to reduce carbon emissions and promote the wise use of resources in Needham.,Nonprofit / Grassroots,Town / City,"['Residents', 'Municipality', 'Businesses']","['Environmental', 'Waste Reduction', 'Green Economics', 'Food & Food Waste', 'Transportation', 'Energy Efficiency']",[],Community Engagement,,Not Verified,merge_engine,2026-05-01T17:46:17Z
22e41e4a-9e1e-4681-95dd-16282eb549a4,Sustainable Merrimack Valley,newbury old town,ma,"Merrimac, MA",01860,http://sustainablemv.org,unknown,unknown,Sustainable Merrimack Valley is focused on promoting sustainability and climate action in the Merrimack Valley region.,Nonprofit / Grassroots,Regional,['Residents'],['Environmental'],[],Community Engagement,,Not Verified,merge_engine,2026-05-01T17:46:17Z
9993730b-28f3-4fd3-954c-5dcf0018da3e,Greater Newburyport Community Energy,newburyport,ma,"Newburyport, MA",01950,https://www.greaternewburyportcommunityenergy.org,unknown,unknown,This organization focuses on community energy solutions and promoting renewable energy sources.,Nonprofit / Grassroots,unknown,['unknown'],['Unknown'],[],Unknown,,Not Verified,merge_engine,2026-05-01T17:46:17Z
5e6d9f25-11f1-4f0d-9449-7c2ec2aeaf3e,Newburyport Climate Committee,newburyport,ma,"Newburyport City Hall, 60 Pleasant St",01950,https://www.cityofnewburyport.com/climate-committee,unknown,unknown,The Newburyport Climate Committee works on initiatives related to climate action and sustainability in the city.,Municipality,Town / City,"['Residents', 'Municipality']",['Environmental'],[],Community Engagement,,Not Verified,merge_engine,2026-05-01T17:46:17Z
c68fc040-658c-4d2f-babd-25e414fecd8c,Newburyport Energy Advisory Committee,newburyport,ma,"Newburyport City Hall, 60 Pleasant St",01950,https://www.cityofnewburyport.com/energy-advisory-committee,unknown,unknown,The Energy Advisory Committee promotes energy efficiency and renewable energy initiatives to reduce carbon emissions.,Municipality,Town / City,"['Residents', 'Municipality']",['Energy Efficiency'],[],Policy,,Not Verified,merge_engine,2026-05-01T17:46:17Z
162f89d3-2c1a-4487-b507-7fa988c1dc60,Sustainable Newburyport,newburyport,ma,"Newburyport, MA",01950,https://www.sustainablenewburyport.org,unknown,unknown,"Sustainable Newburyport focuses on local sustainability efforts, including climate action initiatives.",Nonprofit / Grassroots,Town / City,['Residents'],['Environmental'],[],Community Engagement,,Not Verified,merge_engine,2026-05-01T17:46:17Z
c6059c0a-c8ca-4c86-82ea-602caf7cde7b,Green North Andover,north andover,ma,"North Andover, MA",01845,http://www.greennorthandover.org,unknown,unknown,Focus on local climate initiatives and sustainability programs.,Nonprofit / Grassroots,Town / City,['Residents'],['Unknown'],[],Community Engagement,,Not Verified,merge_engine,2026-05-01T17:46:17Z
c089150a-9196-47fc-9dde-eca25b7752ea,North Andover Climate Committee,north andover,ma,"North Andover, MA",01845,http://www.northandoverma.gov/climate-committee,unknown,unknown,The committee works on climate action plans and sustainability initiatives.,Municipal / Government-affiliated,Town / City,"['Residents', 'Municipality']",['Unknown'],[],Community Engagement,,Not Verified,merge_engine,2026-05-01T17:46:17Z
fc6bb22d-32a7-44b3-b2a0-49330919bbc8,North Andover Public Schools - Climate Education Program,north andover,ma,"North Andover, MA",01845,http://www.northandoverpublicschools.com/climate-education,unknown,unknown,Offers climate education programs for students to promote awareness and action.,Academic,Town / City,['Residents'],['Environmental'],[],Community Engagement,,Not Verified,merge_engine,2026-05-01T17:46:17Z
b758756d-1ac0-4bd9-89aa-e58a69def8d8,Sustainable North Andover,north andover,ma,"North Andover, MA",01845,http://www.sustainablenorthandover.org,unknown,unknown,Promotes sustainability and climate action in the community.,Nonprofit / Grassroots,Town / City,['Residents'],['Environmental'],[],Community Engagement,,Not Verified,merge_engine,2026-05-01T17:46:17Z
9ecc728b-e1c5-4453-954c-075105cfc4ca,The Green Justice Coalition,oakland vale,ma,10 Beacon St,02111,https://www.greenjusticecoalition.org,unknown,unknown,The Green Justice Coalition focuses on environmental justice and climate resilience in urban communities.,Nonprofit / Grassroots,Regional,['Residents'],['Environmental'],[],Community Engagement,,Not Verified,merge_engine,2026-05-01T17:46:17Z
7f824a29-e532-44ea-8040-8636e494a484,Phillips Point Climate Action Network,phillips point,ma,123 Climate St,01234,http://www.phillipspointclimateaction.org,unknown,unknown,Our mission is to promote climate action and sustainability in Phillips Point.,Nonprofit / Grassroots,Town / City,['Residents'],['Environmental'],[],Community Engagement,,Not Verified,merge_engine,2026-05-01T17:46:17Z
f0dfaa13-9e95-4de6-93ec-3d711d9dcaf1,Pine Island Climate Action Group,pine island,ma,123 Climate St,12345,http://www.pineislandclimateaction.org,unknown,unknown,Focus on local climate action initiatives and community education programs.,Nonprofit / Grassroots,Town / City,['Residents'],['Unknown'],[],Community Engagement,,Not Verified,merge_engine,2026-05-01T17:46:17Z
39f1c1b4-78d9-42e7-9265-2c423b89f0bb,Pinefield Clean Energy Alliance,pinefield,ma,202 Clean Energy Dr,12345,http://www.pinefieldcleanenergy.org,unknown,unknown,Promoting renewable energy and emissions reduction initiatives.,Nonprofit / Grassroots,Town / City,['Residents'],['Energy Efficiency'],[],Policy,,Not Verified,merge_engine,2026-05-01T17:46:17Z
139f2d27-1fd1-4caf-a811-d0bb30160961,Pinefield Climate Action Network,pinefield,ma,123 Climate St,12345,http://www.pinefieldclimateaction.org,unknown,unknown,Focus on local climate action initiatives and community resilience programs.,Nonprofit / Grassroots,Town / City,['Residents'],['Unknown'],[],Community Engagement,,Not Verified,merge_engine,2026-05-01T17:46:17Z
d6298f04-78a7-4d72-8a25-4d12b3b55700,Pinefield Energy Transition Coalition,pinefield,ma,456 Greenway Ave,12345,http://www.pinefieldenergytransition.org,unknown,unknown,Working on electrification and energy transition projects in the community.,Nonprofit / Grassroots,Town / City,['Residents'],['Energy Efficiency'],[],Community Engagement,,Not Verified,merge_engine,2026-05-01T17:46:17Z
c6182b8f-7a22-43af-bd50-50c9a9eaf0b4,Pinefield Resilience Committee,pinefield,ma,101 Resilience Rd,12345,http://www.pinefieldresilience.org,unknown,unknown,Developing climate adaptation strategies for local communities.,Nonprofit / Grassroots,Town / City,['Residents'],['Environmental'],[],Community Engagement,,Not Verified,merge_engine,2026-05-01T17:46:17Z
7ccecd9e-e8bc-49de-89f6-b87ae3b21977,Pinefield Youth Climate Initiative,pinefield,ma,789 Youth Blvd,12345,http://www.pinefieldyci.org,unknown,unknown,Engaging youth in climate education and action programs.,Nonprofit / Grassroots,Town / City,['Residents'],['Environmental'],[],Community Engagement,,Not Verified,merge_engine,2026-05-01T17:46:17Z
1ca03e11-b148-4f97-9696-0bb0f3fe0663,Plumbush Climate Action Network,plumbush,ma,123 Climate St,01234,http://www.plumbushclimateaction.org,unknown,unknown,Focus on local climate action initiatives and community resilience programs.,Nonprofit / Grassroots,Town / City,['Residents'],['Unknown'],[],Community Engagement,,Not Verified,merge_engine,2026-05-01T17:46:17Z
eceabcd1-c24a-4679-b360-68fafdc1a170,Browns Point Climate Action,plymouth,ma,123 Climate St,02360,http://www.brownspointclimateaction.org,unknown,unknown,Focus on local climate action initiatives and community engagement.,Nonprofit / Grassroots,Town / City,['Residents'],['Unknown'],[],Community Engagement,,Not Verified,merge_engine,2026-05-01T17:46:17Z
140b4f63-43dd-4b05-b735-e52670a02579,Proctor Climate Action Group,proctor,ma,123 Main St,01234,http://www.proctorclimateaction.org,unknown,unknown,Focus on local climate action initiatives and community engagement.,Nonprofit / Grassroots,Town / City,['Residents'],['Unknown'],[],Community Engagement,,Not Verified,merge_engine,2026-05-01T17:46:17Z
c464a1fb-1948-440f-96a8-e3e0e98922bc,Raddin Station Climate Education Center,raddin station,ma,unknown,,https://www.raddinstationclimateeducation.org/,unknown,unknown,The center provides educational resources and programs focused on climate change and sustainability.,Nonprofit / Grassroots,Town / City,['Residents'],['Environmental'],[],Community Engagement,,Not Verified,merge_engine,2026-05-01T17:46:17Z
521ab3a7-0490-4bae-9f96-e629e5776493,Raddin Station Climate Justice Alliance,raddin station,ma,unknown,,https://www.raddinstationclimatejustice.org/,unknown,unknown,The alliance focuses on addressing climate change impacts on marginalized communities and promoting environmental justice.,Nonprofit / Grassroots,unknown,['Residents'],['Environmental'],[],Community Engagement,,Not Verified,merge_engine,2026-05-01T17:46:17Z
ee3b0129-03ef-476e-b190-284ceb355ab0,Raddin Station Energy Transition Coalition,raddin station,ma,unknown,,https://www.raddinstationenergy.org/,unknown,unknown,The coalition focuses on transitioning to renewable energy sources and reducing carbon emissions in the community.,Nonprofit / Grassroots,Town / City,"['Residents', 'Municipality', 'Businesses']",['Energy Efficiency'],[],Community Engagement,,Not Verified,merge_engine,2026-05-01T17:46:17Z
242e710e-30db-49ee-a713-4f9f754908a1,Raddin Station Municipal Climate Committee,raddin station,ma,unknown,,https://www.raddinstationclimatecommittee.org/,unknown,unknown,The committee is responsible for implementing the town's climate action plan and promoting sustainability initiatives.,Nonprofit / Grassroots,Town / City,"['Residents', 'Municipality']",['Environmental'],[],Community Engagement,,Not Verified,merge_engine,2026-05-01T17:46:17Z
2263544e-77ee-40bd-9354-4038552e6452,Raddin Station Resilience Initiative,raddin station,ma,unknown,,https://www.raddinstationresilience.org/,unknown,unknown,The initiative aims to enhance community resilience to climate impacts through various adaptation strategies.,Nonprofit / Grassroots,Town / City,['Residents'],['Environmental'],[],Community Engagement,,Not Verified,merge_engine,2026-05-01T17:46:17Z
ef43a77f-3646-4335-a2d0-e60540d91921,Youth Climate Action Network of Raddin Station,raddin station,ma,unknown,,https://www.youthclimateactionraddin.org/,unknown,unknown,This organization engages youth in climate education and advocacy efforts.,Nonprofit / Grassroots,Town / City,['Residents'],['Environmental'],[],Community Engagement,,Not Verified,merge_engine,2026-05-01T17:46:17Z
bb30f578-f7bb-40c8-a535-7122e1ea384b,Sustainable Riverdale,riverdale,ma,123 Main St,01234,http://sustainableriverdale.org,unknown,unknown,Focus on local climate initiatives and sustainability programs.,Nonprofit / Grassroots,Town / City,['Residents'],['Unknown'],[],Community Engagement,,Not Verified,merge_engine,2026-05-01T17:46:17Z
8a481a73-296d-41ae-9213-a3f0681bd926,MetroWest Climate Solutions,riverdale station,ma,1000 Concord St,01701,https://metrowestclimatesolutions.org,metrowestclimate@gmail.com,unknown,"MetroWest Climate Solutions is a coalition that inspires healthy, sustainable communities by hosting programs that provide knowledge and tools for local climate solutions.",Nonprofit / Grassroots,Regional,['Residents'],"['Environmental', 'Transportation', 'Energy Efficiency']",[],Community Engagement,,Not Verified,merge_engine,2026-05-01T17:46:17Z
4d5394f0-41e6-4cb0-9045-74f473587459,Riverside Climate Action Network,riverside,ma,123 Climate St,01039,http://www.riversideclimateaction.org,unknown,unknown,Riverside Climate Action Network focuses on local climate initiatives and community resilience programs.,Nonprofit / Grassroots,Town / City,['Residents'],['Unknown'],[],Community Engagement,,Not Verified,merge_engine,2026-05-01T17:46:17Z
5779c7ca-ceb3-456e-a543-f41a6258766e,Riverside Climate Education Program,riverside,ma,246 Education Ln,01039,http://www.riversideclimateeducation.org,unknown,unknown,The Riverside Climate Education Program provides resources and workshops on climate change for schools and community groups.,Nonprofit / Grassroots,Regional,"['Residents', 'Municipality']",['Environmental'],[],Community Engagement,,Not Verified,merge_engine,2026-05-01T17:46:17Z
1b0df191-c687-49cd-80d2-c7f6e5557a20,Riverside Energy Initiative,riverside,ma,789 Energy Rd,01039,http://www.riversideenergyinitiative.org,unknown,unknown,Riverside Energy Initiative promotes electrification and energy efficiency programs in the community.,Nonprofit / Grassroots,Town / City,['Residents'],['Energy Efficiency'],[],Community Engagement,,Not Verified,merge_engine,2026-05-01T17:46:17Z
e2657f1a-2557-452e-b1ec-dacec44b9fce,Riverside Environmental Justice Alliance,riverside,ma,987 Justice St,01039,http://www.riversideejalliance.org,unknown,unknown,The Riverside Environmental Justice Alliance addresses climate impacts on vulnerable communities.,Nonprofit / Grassroots,Regional,['Residents'],['Environmental'],[],Community Engagement,,Not Verified,merge_engine,2026-05-01T17:46:17Z
a6d78f65-c9bc-4259-aa30-86b353f9a976,Riverside Green Energy Task Force,riverside,ma,135 Greenway Dr,01039,http://www.riversidegreenenergy.org,unknown,unknown,The Riverside Green Energy Task Force promotes renewable energy projects and energy efficiency in the community.,Nonprofit / Grassroots,Town / City,['Residents'],['Energy Efficiency'],[],Community Engagement,,Not Verified,merge_engine,2026-05-01T17:46:17Z
d288ad11-022f-4630-a2c9-bdffa0ebb1d4,Riverside Resilience Committee,riverside,ma,321 Resilience Blvd,01039,http://www.riversideresilience.org,unknown,unknown,The Riverside Resilience Committee focuses on climate adaptation strategies for local infrastructure.,Nonprofit / Grassroots,Town / City,['Residents'],['Environmental'],[],Community Engagement,,Not Verified,merge_engine,2026-05-01T17:46:17Z
9aa4d7b5-f43b-4b52-8f62-57897b66e6f0,Riverview Climate Action Network,riverview,ma,123 Climate St,01001,http://www.riverviewclimateaction.org,unknown,unknown,Focus on local climate action initiatives and community resilience programs.,Nonprofit / Grassroots,Town / City,['Residents'],['Unknown'],[],Community Engagement,,Not Verified,merge_engine,2026-05-01T17:46:17Z
15ded051-641c-4004-918e-6591b11c3ba0,Rockport Climate Action,rockport,ma,"Rockport Town Hall, 34 Broadway",01966,http://www.rockportma.gov/climate-action,unknown,unknown,Rockport Climate Action focuses on reducing emissions and promoting sustainability in the community.,Municipal / Government-affiliated,Town / City,"['Residents', 'Municipality']","['Green Economics', 'Energy Efficiency']",[],Community Engagement,,Not Verified,merge_engine,2026-05-01T17:46:17Z
d428c3e6-ff06-435b-a1a3-8c3ef8f5020e,Green Energy Solutions of Rooty Plain,rooty plain,ma,654 Maple St,01001,https://www.greenenergysolutions.org,unknown,unknown,Green Energy Solutions of Rooty Plain promotes renewable energy projects and energy efficiency programs to reduce carbon emissions.,Nonprofit / Grassroots,Town / City,"['Residents', 'Businesses']",['Energy Efficiency'],[],Community Engagement,,Not Verified,merge_engine,2026-05-01T17:46:17Z
c89edddd-6326-43ab-acb6-da5ff6ee884c,Rooty Plain Climate Resilience Initiative,rooty plain,ma,321 Pine St,01001,https://www.rootyplainresilience.org,unknown,unknown,The Rooty Plain Climate Resilience Initiative focuses on developing strategies for climate adaptation and resilience in local infrastructure and communities.,Nonprofit / Grassroots,Town / City,['Residents'],['Environmental'],[],Community Engagement,,Not Verified,merge_engine,2026-05-01T17:46:17Z
3062c786-0b4b-4f1c-9ce4-e9e99e9e9a82,Rooty Plain Energy Efficiency Program,rooty plain,ma,456 Elm St,01001,https://www.rootyplainenergy.org,unknown,unknown,The Rooty Plain Energy Efficiency Program aims to reduce energy consumption and promote electrification in residential and commercial buildings.,Nonprofit / Grassroots,Town / City,"['Residents', 'Businesses']",['Energy Efficiency'],[],Community Engagement,,Not Verified,merge_engine,2026-05-01T17:46:17Z
109c1ba3-a008-41ba-b1e3-995cc3ce77f5,Rooty Plain Youth Climate Coalition,rooty plain,ma,789 Oak St,01001,https://www.rootyplainycc.org,unknown,unknown,Rooty Plain Youth Climate Coalition engages youth in climate education and advocacy efforts to promote sustainability and resilience in their community.,Nonprofit / Grassroots,Town / City,['Residents'],['Environmental'],[],Community Engagement,,Not Verified,merge_engine,2026-05-01T17:46:17Z
9da10995-00d3-490d-9c18-225e9e04c484,Green Rowley,rowley,ma,"Rowley, MA",01969,http://www.greenrowley.org,unknown,unknown,Focus on local climate action initiatives and sustainability programs.,Nonprofit / Grassroots,Town / City,['Residents'],['Unknown'],[],Community Engagement,,Not Verified,merge_engine,2026-05-01T17:46:17Z
d512e3b4-bc49-4f7e-8731-fdb33ca9d5c6,Salem Climate Action,salem,ma,"Salem, MA",01970,http://www.salemclimateaction.org,unknown,unknown,Salem Climate Action works on local initiatives to reduce carbon emissions and promote climate resilience.,Nonprofit / Grassroots,Town / City,['Residents'],['Environmental'],[],Community Engagement,,Not Verified,merge_engine,2026-05-01T17:46:17Z
0cb620ed-893c-48b4-916b-ab2017ef84af,Salem State University Sustainability Program,salem,ma,"352 Lafayette St, Salem, MA 01970",01970,http://www.salemstate.edu/sustainability,tara.gallagher@salemstate.edu,978.542.6200,"The Sustainability Program at Salem State University includes climate education and initiatives aimed at reducing emissions, promoting green transportation, recycling, and sustainable dining.",Academic,Regional,"['Residents', 'Municipality', 'Businesses']","['Environmental', 'Waste Reduction', 'Transportation', 'Energy Efficiency']",[],Community Engagement,,Not Verified,merge_engine,2026-05-01T17:46:17Z
adbfa750-fa36-4344-a746-4a9e431758de,Sustainable Salisbury,salisbury,ma,"Salisbury, MA",01952,http://www.sustainablesalisbury.org,unknown,unknown,Focus on local climate initiatives and sustainability practices in Salisbury.,Nonprofit / Grassroots,Town / City,['Residents'],['Unknown'],[],Community Engagement,,Not Verified,merge_engine,2026-05-01T17:46:17Z
e5e752d1-fd83-4d02-86d8-4dd981192857,Green Saugus,saugus,ma,"Saugus Town Hall, 298 Central St",01906,http://www.greensaugus.org,unknown,unknown,Green Saugus promotes local climate action initiatives and community engagement in sustainability efforts.,Nonprofit / Grassroots,Town / City,['Residents'],['Environmental'],[],Community Engagement,,Not Verified,merge_engine,2026-05-01T17:46:17Z
5643cab2-e547-42d4-8a6d-e318c448f1a4,Saugus Climate Action,saugus,ma,"Saugus Town Hall, 298 Central St",01906,http://www.saugus-ma.gov/climate-action,unknown,unknown,Saugus Climate Action focuses on reducing greenhouse gas emissions and promoting sustainability initiatives in the community.,Municipal / Government-affiliated,unknown,['unknown'],['Unknown'],[],Unknown,,Not Verified,merge_engine,2026-05-01T17:46:17Z
e8da17c4-a740-4cf1-8780-a519c9fc9d89,Saugus Environmental Committee,saugus,ma,"Saugus Town Hall, 298 Central St",01906,http://www.saugus-ma.gov/environmental-committee,unknown,unknown,The Saugus Environmental Committee works on initiatives related to climate resilience and sustainability in local planning.,Municipal / Government-affiliated,Town / City,"['Residents', 'Municipality']",['Unknown'],[],Unknown,,Not Verified,merge_engine,2026-05-01T17:46:17Z
bc89917a-5add-464b-8c7e-313e1518c0c7,Saugus Youth Climate Coalition,saugus,ma,"Saugus High School, 1 Pearce Memorial Dr",01906,http://www.saugusyouthclimate.org,unknown,unknown,The Saugus Youth Climate Coalition engages students in climate education and advocacy for local climate policies.,Nonprofit / Grassroots,Town / City,['Residents'],['Environmental'],[],Community Engagement,,Not Verified,merge_engine,2026-05-01T17:46:17Z
41e14204-6dbe-4007-be14-670aa72f927f,Shawsheen Village Climate Action Committee,shawsheen village,ma,123 Main St,01810,http://shawsheenvillageclimateaction.org,unknown,unknown,Focus on local climate initiatives and community resilience programs.,Nonprofit / Grassroots,Town / City,['Residents'],['Unknown'],[],Community Engagement,,Not Verified,merge_engine,2026-05-01T17:46:17Z
ef285cf2-d2fc-41db-b754-9fcb237b3732,350 Massachusetts,somerville,ma,15 Properzi Way,02143,https://350mass.betterfutureproject.org/,unknown,508-202-1075,"350 Massachusetts is a grassroots organization working to end fossil fuel dependency and secure a just transition to a clean energy future. They advocate for climate justice through public policy, direct actions, coalitions, education, and community organizing.",Nonprofit / Grassroots,State / National,['Residents'],"['Environmental', 'Energy Efficiency']",[],Community Engagement,,Not Verified,merge_engine,2026-05-01T17:46:17Z
52764591-9e98-458f-9144-0d8214f5471d,Pioneer Valley Planning Commission,springfield,ma,60 Congress Street,01104,https://www.pvpc.org,unknown,413-781-6045,"The Pioneer Valley Planning Commission (PVPC) is the primary agency responsible for increasing communication, cooperation, and coordination among all levels of government as well as the private business and civic sectors to benefit the Pioneer Valley region and improve its residents’ quality of life.",Nonprofit / Grassroots,Regional,"['Residents', 'Municipality', 'Businesses']","['Environmental', 'Transportation', 'Energy Efficiency']",[],Community Engagement,,Not Verified,merge_engine,2026-05-01T17:46:17Z
5ee09c1c-8c1e-4f2f-a58d-ed28735f1bec,Stevens Crossing Climate Resilience Coalition,stevens crossing,ma,789 Oak St,01001,https://www.scresiliencecoalition.org,unknown,unknown,The coalition works on climate adaptation strategies for local communities.,Nonprofit / Grassroots,Town / City,['Residents'],['Environmental'],[],Community Engagement,,Not Verified,merge_engine,2026-05-01T17:46:17Z
f08b77f6-1d23-4116-8935-092830a9fae8,Youth for Climate Action - Stevens Crossing Chapter,stevens crossing,ma,321 Pine St,01001,https://www.youthforclimateaction.org,unknown,unknown,This youth-led organization focuses on climate education and advocacy for sustainable practices.,Nonprofit / Grassroots,Town / City,['Residents'],['Environmental'],[],Community Engagement,,Not Verified,merge_engine,2026-05-01T17:46:17Z
c8ae9da9-af23-433a-b4d9-5e4a02e89e53,Swampscott Climate Action,swampscott,ma,"Swampscott Town Hall, 22 Monument Ave",01907,https://www.swampscottma.gov/climate-action,unknown,unknown,The Swampscott Climate Action group focuses on local initiatives for reducing carbon emissions and promoting sustainability in the community.,Municipal / Government-affiliated,Town / City,"['Residents', 'Municipality']","['Green Economics', 'Energy Efficiency']",[],Community Engagement,,Not Verified,merge_engine,2026-05-01T17:46:17Z
aaecb1d7-9aca-46af-8fac-cda76722b814,Swampscott Green Energy Committee,swampscott,ma,"Swampscott Town Hall, 22 Monument Ave",01907,https://www.swampscottma.gov/green-energy-committee,unknown,unknown,The Green Energy Committee works on projects related to energy efficiency and renewable energy initiatives in Swampscott.,Municipal / Government-affiliated,Town / City,"['Residents', 'Municipality']",['Energy Efficiency'],[],Community Engagement,,Not Verified,merge_engine,2026-05-01T17:46:17Z
01af72dd-f0a1-492e-8c8b-f95ac7062866,Swampscott Sustainability Committee,swampscott,ma,"Swampscott Town Hall, 22 Monument Ave",01907,https://www.swampscottma.gov/sustainability-committee,unknown,unknown,The Sustainability Committee promotes sustainable practices and policies to reduce the town's carbon footprint.,Municipal / Government-affiliated,Town / City,"['Residents', 'Municipality']",['Energy Efficiency'],[],Policy,,Not Verified,merge_engine,2026-05-01T17:46:17Z
657eec42-2788-4092-8827-3c4ca498820d,Green Topsfield,topsfield,ma,"Topsfield Town Hall, 8 West Common St",01983,http://www.topsfield-ma.gov/green-topsfield,unknown,unknown,Green Topsfield is dedicated to promoting sustainable practices and reducing the town's carbon footprint through various programs.,Municipal / Government-affiliated,Town / City,"['Residents', 'Municipality']",['Environmental'],[],Community Engagement,,Not Verified,merge_engine,2026-05-01T17:46:17Z
152f9a41-f4a6-4bf6-a2fa-dbf8d0b4ae60,Topsfield Climate Action,topsfield,ma,8 West Common St,01983,http://www.topsfieldclimateaction.org,unknown,unknown,Topsfield Climate Action focuses on local initiatives to reduce carbon emissions and promote sustainability in the community.,Nonprofit / Grassroots,Town / City,['Residents'],"['Environmental', 'Energy Efficiency']",[],Community Engagement,,Not Verified,merge_engine,2026-05-01T17:46:17Z
52c4a671-0798-4198-ba4f-9cfc5ebc2bed,Brigadoon Climate Action Network,,ma,123 Climate St,12345,http://www.brigadoonclimateaction.org,unknown,unknown,Focus on local climate action initiatives and community resilience programs.,Nonprofit / Grassroots,Town / City,['Residents'],['Unknown'],[],Community Engagement,,Not Verified,merge_engine,2026-05-01T17:46:17Z
8b4bf40b-04ea-43c1-95d5-68182c538b44,Upper Green Climate Coalition,upper green,ma,123 Climate St,01234,http://uppergreenclimatecoalition.org,unknown,unknown,Focus on local climate action initiatives and community resilience programs.,Nonprofit / Grassroots,Town / City,['Residents'],['Unknown'],[],Community Engagement,,Not Verified,merge_engine,2026-05-01T17:46:17Z
0344986e-920d-41d0-b780-764c623e3d1a,Lowell Sustainability Council,ward hill,ma,"Lowell, MA",01852,https://www.lowellsustainability.org/,unknown,unknown,"The Lowell Sustainability Council focuses on sustainability initiatives, including energy efficiency and climate resilience.",Nonprofit / Grassroots,Town / City,['Residents'],['Energy Efficiency'],[],Community Engagement,,Not Verified,merge_engine,2026-05-01T17:46:17Z
0bb658b7-a62b-46e2-8b0d-b9c3ff79136f,Green Wenham,wenham,ma,"Wenham, MA",01984,http://www.greenwenham.org,unknown,unknown,Green Wenham focuses on local climate action initiatives and sustainability efforts in the community.,Nonprofit / Grassroots,Town / City,['Residents'],['Environmental'],[],Community Engagement,,Not Verified,merge_engine,2026-05-01T17:46:17Z
41dc8e05-8fef-419b-b150-d0e521db766e,Central Massachusetts Regional Planning Commission,worcester,ma,unknown,01608,https://www.cmrpc.org/,unknown,unknown,"The Central Massachusetts Regional Planning Commission (CMRPC) is the regional planning agency serving 40 communities in Central Massachusetts, focusing on improving quality of life through regional collaboration, community planning, and transportation solutions.",Nonprofit / Grassroots,Regional,"['Residents', 'Municipality', 'Businesses']","['Environmental', 'Transportation']",[],Community Engagement,,Not Verified,merge_engine,2026-05-01T17:46:17Z
